﻿{
  "TOKENLER": {
  "Stats": "",
  "Moderation":"MTA2MTAyNzg0ODM4ODg4Nj434",
  "İnvite": "MTA2MTI3MjA5MjUzMzg1NDMwMA.GseGP900WVs",
  "Central": "MTA2MTI3MjI0MDgwNjY5NDk5Mg.Go_aAvWKFVbiAE",
  "Guard_1": "MTA2Mzg3NzEwOTkwNDMxMDMwMg.pR2HE",
  "Guard_2": "MTA2Mzg3NzQ2MTI2MTE3Njg1MwpPjyLqFVRWQjw",
  "Web": "MTA5Njc0NDI2MjU3OTc4NTc3OA.GStW-t.WpDVXJss",
  "Dağıtıcılar": [
  "MTA2MTI3MjI0MDgwNjY5NDk5Mg.Go_aGc.XLPBVbiAE",
  "MTA2MTI3MjI0MDgwNjY5NDk5Mg.Go_qAvWKFVbiAE",
  "MTA2MTI3MjI0MDgwNjY5NDk5Mg.GAvWKFVbiAE"
        ]
  },
  
    "botSettings": {
      "embedAltBaşlık": "cartelfx was here ? ❤️",
      "Prefixs": [
        ".",
        "!"
      ]
    },
  
    "botStatus": {
      "Status": "dnd",
      "Name": "Anora was here ❤️",
       "type": "WATCHING"
    },
      "SUNUCU": {
      "GUILD": "1196859848516702208",
      "GUILD_NAME": "Herakles", 
      "VoiceChannelID": "1196897585231843389"
    
    },
      "Rooter": {
         "Users": [
    { "isim": "anora."},
    { "isim": "cartelfx"},
    { "isim": "bysarok"}
  ]
      
  },

    "Database": {
      "Active": true,
      "MongoURL": ""
    }
  
  
}  