{
"SUNUCU": {
  "GUİLD": "1196859848516702208"
},
    "Staff": "1196897462363889717",
    "Durum": "cartel's Voice Bots",
    "YerelDosya": true,
    "file": "./hoşgeldin.mp3",
    "youtube": "https://www.youtube.com/watch?v=gvDK35FM980",
    "tokens": [
      "MTA2MTAxODEzMjE4MzAxMTMyOA.GBWbhi.tashvVw4",
      "MTA2MTAxODIzMjQ0MzY0NjAxMg.GEXxYceNWi2y3pfs",
      "MTA2MTAxODMzODQyNTMw-hi3F9D8k",
      "MTA2MTAxODQzNDAyNjA5NDYzNA.GLzrCOyLm5I",
      "MTA2MTAxODUyNTI2MDU5NTMxMQ.GQ860n.7JO2vb-MfY"
    ],
    "channels": [
      "1196897570459504842",
      "1196897751238197449",
      "1196897755470245888",
      "1196897759056384121",
      "1201149818962194533"
    ]
  }